Proben-ID;Anlagennummer;Probe aus;Ölmenge im System;Dimension;Ölbezeichnung;Datum Probenentnahme;Datum letzter Ölwechsel;Nachfüllmenge seit Wechsel;Dimension;Laufzeit seit Wechsel;Dimension;Laufzeit gesamt;Dimension;Wasser K. F.;
1971224;99742;WKA-Hauptgetriebe;400;;Addinol Eco Gear 320 S;2014-06-18;;;;;;141914;h;239;ppm
2055871;99742;WKA-Hauptgetriebe;250;;Addinol Eco Gear 320 S;2014-11-11;;;;;;;;260;ppm
1884209;99742;WKA-Hauptgetriebe;400;;Addinol Eco Gear 320 S;2013-12-13;;;;;;138658;h;318;ppm
1727631;110524;WKA-Hauptgetriebe;120;l;Addinol Eco Gear 320 S;2013-04-04;2013-04-04;120;l;;;105877;h;95;ppm
1872539;110524;WKA-Hauptgetriebe;75;;Addinol Eco Gear 320 S;2013-12-12;2013-04-04;;;;;111695;kWh;145;ppm
1923429;110524;WKA-Hauptgetriebe;75;;Addinol Eco Gear 320 S;2014-03-26;2013-04-04;;;;;757622;kWh;163;ppm
2014395;110524;WKA-Hauptgetriebe;75;;Addinol Eco Gear 320 S;2014-09-09;2013-04-04;;;;;118089;h;204;ppm
1820679;110524;WKA-Hauptgetriebe;75;;Addinol Eco Gear 320 S;2013-08-15;2013-04-04;;;;;108931;h;259;ppm
1896541;110525;WKA-Hauptgetriebe;75;;Addinol Eco Gear 320 S;2014-02-03;;;;;;4246;h;94;ppm
1923439;110525;WKA-Hauptgetriebe;75;;Addinol Eco Gear 320 S;2014-03-27;2013-08-06;;;;;5457;h;100;ppm
2014391;110525;WKA-Hauptgetriebe;75;l;Addinol Eco Gear 320 S;2014-09-07;2013-08-06;45;l;;;116783;h;178;ppm
1820684;110525;WKA-Hauptgetriebe;75;;Addinol Eco Gear 320 S;2013-08-16;2013-08-06;;;;;107694;h;294;ppm
1727716;110526;WKA-Hauptgetriebe;120;l;Addinol Eco Gear 320 S;2013-04-03;2013-04-03;120;l;;;99833;h;88;ppm
1923437;110526;WKA-Hauptgetriebe;75;;Addinol Eco Gear 320 S;2014-03-28;2013-04-03;;;;;8391;h;122;ppm
1872655;110526;WKA-Hauptgetriebe;75;;Addinol Eco Gear 320 S;2013-12-13;2013-04-03;;;;;105716;h;178;ppm
2014396;110526;WKA-Hauptgetriebe;75;;Addinol Eco Gear 320 S;2014-09-06;2013-04-03;;;;;112017;h;313;ppm
1820683;110526;WKA-Hauptgetriebe;75;;Addinol Eco Gear 320 S;2013-08-15;2013-04-03;;;;;102879;h;332;ppm
1727637;110527;WKA-Hauptgetriebe;81;l;Addinol Eco Gear 320 S;2013-04-04;2013-04-04;81;l;;;102707;h;125;ppm
1896534;110527;WKA-Hauptgetriebe;75;;Addinol Eco Gear 320 S;2014-02-02;2013-04-04;;;;;7065;h;161;ppm
1923436;110527;WKA-Hauptgetriebe;90;;Addinol Eco Gear 320 S;2014-03-29;2013-04-04;;;;;10883;h;178;ppm
1820689;110527;WKA-Hauptgetriebe;75;;Addinol Eco Gear 320 S;2013-08-17;2013-04-04;;;;;105756;;330;ppm
2014392;110527;WKA-Hauptgetriebe;90;;Addinol Eco Gear 320 S;2014-09-05;2013-04-04;;;;;114782;h;330;ppm
1950777;116438;WKA-Hauptgetriebe;425;;Addinol Eco Gear 320 S;2014-05-09;;;;;;16136;;196;ppm
2061510;116438;WKA-Hauptgetriebe;425;;Addinol Eco Gear 320 S;2014-11-17;2013-06-04;;;;;;;260;ppm
1858597;116438;WKA-Hauptgetriebe;425;;Addinol Eco Gear 320 S;2013-11-28;2013-06-04;;;;;;;280;ppm
1929698;117249;WKA-Hauptgetriebe;60;;Addinol Eco Gear 320 S;2014-03-25;2010-07-07;;;;;139742;h;199;ppm
1857244;117249;WKA-Hauptgetriebe;60;;Addinol Eco Gear 320 S;2013-11-26;;;;;;137018;h;211;ppm
2031664;117249;WKA-Hauptgetriebe;60;;Addinol Eco Gear 320 S;2014-10-08;2010-07-07;;;;;144207;h;225;ppm
1889242;119251;WKA-Hauptgetriebe;345;;Addinol Eco Gear 320 S;2014-02-04;2013-10-09;;;;;91401;h;162;ppm
1983730;119251;WKA-Hauptgetriebe;260;l;Addinol Eco Gear 320 S;2014-07-17;2013-10-09;10;l;;;94572;h;203;ppm
2055869;119251;WKA-Hauptgetriebe;320;;Addinol Eco Gear 320 S;2014-11-10;;;;;;;;215;ppm
1696318;140053;WKA-Hauptgetriebe;450;;Addinol Eco Gear 320 S;2013-01-22;;;;;;78925;h;98;ppm
1388235;140053;WKA-Hauptgetriebe;450;;Addinol Eco Gear 320 S;2011-05-20;2009-03-05;;;;;65119.2;h;115;ppm
1873334;140053;WKA-Hauptgetriebe;450;;Addinol Eco Gear 320 S;2013-12-09;;;;50309;h;86106.3;h;175;ppm
1303725;140053;WKA-Hauptgetriebe;450;;Addinol Eco Gear 320 S;2010-11-09;2009-03-05;;;;;60695;h;179;ppm
1226417;140053;WKA-Hauptgetriebe;450;l;Addinol Eco Gear 320 S;2010-05-17;2009-03-05;;l;;;56561;h;199;ppm
1557787;140053;WKA-Hauptgetriebe;450;l;Addinol Eco Gear 320 S;2012-05-31;2012-05-24;;l;;;73410;h;200;ppm
1488367;140053;WKA-Hauptgetriebe;450;l;Addinol Eco Gear 320 S;2012-01-10;2009-03-05;;l;;;70651;h;210;ppm
1555481;140053;WKA-Hauptgetriebe;450;l;Addinol Eco Gear 320 S;2012-05-24;2012-05-24;451;l;;;73252;h;281;ppm
1770019;140053;WKA-Hauptgetriebe;450;;Addinol Eco Gear 320 S;2013-05-25;2009-03-05;;;;;81744;h;290;ppm
2055877;148640;WKA-Hauptgetriebe;300;;Addinol Eco Gear 320 S;2014-11-13;;;;;;;;100;ppm
1874890;148640;WKA-Hauptgetriebe;400;;Addinol Eco Gear 320 S;2014-01-07;;;;;;;;155;ppm
1983985;148640;WKA-Hauptgetriebe;300;;Addinol Eco Gear 320 S;2014-07-01;;;;;;;;216;ppm
2070078;178405;WKA-Hauptgetriebe;325;;Addinol Eco Gear 320 S;2014-11-20;2012-12-12;;;;;69831;h;253;ppm
1974403;178405;WKA-Hauptgetriebe;325;;Addinol Eco Gear 320 S;2014-05-28;2012-12-12;;;;;73814;h;421;ppm
1843528;178405;WKA-Hauptgetriebe;325;;Addinol Eco Gear 320 S;;2012-12-12;;;;;68706;h;450;ppm
2018733;187905;WKA-Hauptgetriebe;315;;Addinol Eco Gear 320 S;2014-09-18;2012-07-11;;;;;;;156;ppm
1832563;187905;WKA-Hauptgetriebe;315;;Addinol Eco Gear 320 S;2013-10-11;2012-07-11;;;;;22157;h;256;ppm
1915079;187905;WKA-Hauptgetriebe;315;;Addinol Eco Gear 320 S;2014-03-07;2012-07-11;;;;;25299;h;284;ppm
2065714;261087;WKA-Hauptgetriebe;340;l;Addinol Eco Gear 320 S;2014-11-28;2012-07-09;3;l;;;;;213;ppm
1879532;261087;WKA-Hauptgetriebe;315;;Addinol Eco Gear 320 S;2014-01-14;;;;;;53809;h;235;ppm
1990626;261087;WKA-Hauptgetriebe;340;l;Addinol Eco Gear 320 S;2014-07-16;2012-06-05;;l;16681;h;57898.4;h;317;ppm
1176909;264413;WEA-Hauptgetriebe;120;;Addinol Eco Gear 320 S;2010-01-27;2007-04-18;;;;;120806;h;91;ppm
1029897;264413;WEA-Hauptgetriebe;120;;Addinol Eco Gear 320 S;2008-12-16;2008-07-20;;;1970;h;113309;h;98;ppm
1110936;264413;WEA-Hauptgetriebe;120;;Addinol Eco Gear 320 S;2009-07-30;2008-08-29;;;;;110780;h;190;ppm
1376831;264435;WKA-Hauptgetriebe;120;;Addinol Eco Gear 320 S;2011-05-24;2010-01-05;;;;;117411;h;127;ppm
1674983;264435;WKA-Hauptgetriebe;120;;Addinol Eco Gear 320 S;2013-01-07;2010-01-05;;;;;129908;h;152;ppm
1445838;264435;WKA-Hauptgetriebe;120;;Addinol Eco Gear 320 S;2011-10-26;2010-01-05;;;;;121130;h;176;ppm
1574118;264435;WKA-Hauptgetriebe;120;;Addinol Eco Gear 320 S;2012-07-05;2010-01-05;;;;;126347;h;183;ppm
1238910;264435;WKA-Hauptgetriebe;120;;Addinol Eco Gear 320 S;2010-07-02;2010-01-05;;;;;;;242;ppm
1315308;264490;WKA-Hauptgetriebe;120;;Addinol Eco Gear 320 S;2011-01-12;2006-12-20;;;;;133298;h;111;ppm
993711;264490;WKA-Hauptgetriebe;120;;Addinol Eco Gear 320 S;2008-11-26;2006-12-20;;;;;115364;h;134;ppm
1494536;264490;WKA-Hauptgetriebe;120;;Addinol Eco Gear 320 S;2012-01-31;2006-12-20;;;;;141958;h;141;ppm
877355;264490;WKA-Hauptgetriebe;120;;Addinol Eco Gear 320 S;2007-12-20;2006-12-20;;;8724;h;107231;h;194;ppm
1735543;264490;WKA-Hauptgetriebe;120;;Addinol Eco Gear 320 S;2013-04-30;2006-12-20;;;;;152674;h;197;ppm
1164165;264490;WKA-Hauptgetriebe;120;;Addinol Eco Gear 320 S;2009-12-17;2006-12-20;;;;;124476;h;223;ppm
1231770;264490;WKA-Hauptgetriebe;120;;Addinol Eco Gear 320 S;2010-06-16;2006-12-20;;;;;128377;h;246;ppm
1835354;264490;WKA-Hauptgetriebe;120;;Addinol Eco Gear 320 S;2013-10-29;2006-12-20;;;;;156970;h;280;ppm
1112174;264490;WKA-Hauptgetriebe;120;;Addinol Eco Gear 320 S;2009-08-03;2006-12-20;;;;;121272;h;287;ppm
1962630;264490;WKA-Hauptgetriebe;120;;Addinol Eco Gear 320 S;2014-06-10;2006-12-20;;;;;162161;h;294;ppm
834847;264490;WKA-Hauptgetriebe;120;;Addinol Eco Gear 320 S;2007-08-01;2006-12-20;;;5340;h;103847;h;320;ppm
1565691;264490;WKA-Hauptgetriebe;120;;Addinol Eco Gear 320 S;2012-06-14;2006-12-20;;;;;1450008;h;325;ppm
1658067;264490;WKA-Hauptgetriebe;120;;Addinol Eco Gear 320 S;2012-11-26;2006-12-20;;;;;148956;h;350;ppm
926528;264490;WKA-Hauptgetriebe;120;;Addinol Eco Gear 320 S;2008-05-20;2006-12-20;;;;;110802;h;382;ppm
1353746;264723;WEA-Hauptgetriebe;120;;Addinol Eco Gear 320 S;2011-04-04;2009-08-20;;;;;140936;h;84;ppm
1064793;264723;WEA-Hauptgetriebe;120;;Addinol Eco Gear 320 S;2009-03-26;2007-10-17;;;;;124739;h;106;ppm
958481;264723;WEA-Hauptgetriebe;120;;Addinol Eco Gear 320 S;2008-08-27;2007-10-17;;;;;119673;h;157;ppm
993143;264747;WKA-Hauptgetriebe;55;;Addinol Eco Gear 320 S;2008-11-25;;;;;;115074;h;65;ppm
1152990;264747;WKA-Hauptgetriebe;55;;Addinol Eco Gear 320 S;2009-11-19;;;;;;129674;h;76;ppm
1333993;264747;WKA-Hauptgetriebe;55;;Addinol Eco Gear 320 S;2011-02-16;;;;;;134522;h;89;ppm
1243372;264747;WKA-Hauptgetriebe;55;;Addinol Eco Gear 320 S;2010-07-13;2010-07-13;;;;;129307;h;176;ppm
1334075;264748;WKA-Hauptgetriebe;55;;Addinol Eco Gear 320 S;2011-02-17;;;;;;134262;h;36;ppm
993298;264748;WKA-Hauptgetriebe;55;;Addinol Eco Gear 320 S;2008-11-25;;;;;;115241;h;37;ppm
1152060;264748;WKA-Hauptgetriebe;55;;Addinol Eco Gear 320 S;2009-11-20;;;;;;123833;h;120;ppm
1166288;264760;WKA-Hauptgetriebe;55;;Addinol Eco Gear 320 S;2010-01-06;2006-12-21;;;;;142009;h;103;ppm
855349;264760;WKA-Hauptgetriebe;55;;Addinol Eco Gear 320 S;2007-10-15;2006-12-21;;;7081;h;123258;h;108;ppm
1321363;264760;WKA-Hauptgetriebe;55;;Addinol Eco Gear 320 S;2011-01-26;2006-12-21;;;;;150990;h;139;ppm
1120319;264760;WKA-Hauptgetriebe;55;;Addinol Eco Gear 320 S;2009-09-02;2006-12-21;;;;;139024;h;165;ppm
1050956;264760;WKA-Hauptgetriebe;55;;Addinol Eco Gear 320 S;2009-02-19;2006-12-21;;;;;134953;h;200;ppm
1504788;264760;WKA-Hauptgetriebe;55;;Addinol Eco Gear 320 S;2012-02-22;2006-12-21;;;;;159446;h;228;ppm
969752;264760;WKA-Hauptgetriebe;55;;Addinol Eco Gear 320 S;2008-09-23;2006-12-21;;;;;131384;h;289;ppm
1600667;264760;WKA-Hauptgetriebe;55;;Addinol Eco Gear 320 S;2012-08-24;2006-12-21;;;;;163421;h;293;ppm
1251465;264760;WKA-Hauptgetriebe;55;;Addinol Eco Gear 320 S;2010-08-06;2006-12-21;;;;;146975;h;295;ppm
1417563;264760;WKA-Hauptgetriebe;55;;Addinol Eco Gear 320 S;2011-08-22;2006-12-21;;;;;155762;h;388;ppm
1329542;264761;WEA-Hauptgetriebe;55;;Addinol Eco Gear 320 S;2011-02-14;2006-12-20;;;;;62707;h;106;ppm
1494349;264761;WEA-Hauptgetriebe;55;;Addinol Eco Gear 320 S;2012-02-02;2006-12-20;;;;;51066;h;160;ppm
905793;264761;WEA-Hauptgetriebe;55;;Addinol Eco Gear 320 S;2008-03-17;2006-12-20;;;19919;h;18273;h;169;ppm
1161469;264761;WEA-Hauptgetriebe;55;;Addinol Eco Gear 320 S;2009-12-14;2006-12-20;;;;;133368;h;169;ppm
1699712;264761;WEA-Hauptgetriebe;55;;Addinol Eco Gear 320 S;2013-02-21;2006-12-20;;;;;58683;h;181;ppm
858431;264761;WEA-Hauptgetriebe;55;;Addinol Eco Gear 320 S;2007-10-17;2006-12-20;;;7193;h;14623;h;198;ppm
1835391;264761;WEA-Hauptgetriebe;55;;Addinol Eco Gear 320 S;2013-10-28;2006-12-20;;;;;64350;h;215;ppm
967441;264761;WEA-Hauptgetriebe;55;;Addinol Eco Gear 320 S;2008-09-15;2006-12-20;;;15224;h;22639;h;239;ppm
1106632;264761;WEA-Hauptgetriebe;55;;Addinol Eco Gear 320 S;2009-07-24;2006-12-20;;;;;130011;h;242;ppm
1051275;264761;WEA-Hauptgetriebe;55;;Addinol Eco Gear 320 S;2009-02-16;2006-12-20;;;;;26225;h;264;ppm
1991377;264761;WEA-Hauptgetriebe;55;;Addinol Eco Gear 320 S;2014-07-30;2006-12-20;;;;;70328;h;288;ppm
1250015;264761;WEA-Hauptgetriebe;55;;Addinol Eco Gear 320 S;2010-08-02;2006-12-20;;;;;38591;h;323;ppm
1407100;264761;WEA-Hauptgetriebe;55;;Addinol Eco Gear 320 S;2011-08-01;2006-12-20;;;;;46660;h;355;ppm
1594127;264761;WEA-Hauptgetriebe;55;;Addinol Eco Gear 320 S;2012-08-13;2006-12-20;;;;;54528;h;389;ppm
933203;265343;WKA-Hauptgetriebe;160;;Addinol Eco Gear 320 S;2008-06-11;2007-09-11;;;6388;h;83688;h;88;ppm
1166254;265343;WKA-Hauptgetriebe;160;;Addinol Eco Gear 320 S;2010-01-04;2007-05-03;;;;;97005;h;95;ppm
883426;265343;WKA-Hauptgetriebe;160;;Addinol Eco Gear 320 S;2008-01-14;2007-09-11;;;2884;h;80184;h;106;ppm
1527392;265343;WKA-Hauptgetriebe;160;;Addinol Eco Gear 320 S;2012-04-04;2007-09-11;;;;;;;124;ppm
1240119;265343;WKA-Hauptgetriebe;160;;Addinol Eco Gear 320 S;2010-07-07;2007-09-11;;;;;101561;h;139;ppm
1344922;265343;WKA-Hauptgetriebe;160;;Addinol Eco Gear 320 S;2011-03-08;2007-09-11;;;;;107336;h;140;ppm
1733941;265343;WKA-Hauptgetriebe;160;;Addinol Eco Gear 320 S;2013-04-25;2012-07-01;;;;;125850;h;148;ppm
993816;265343;WKA-Hauptgetriebe;160;;Addinol Eco Gear 320 S;2008-11-25;2007-09-11;;;10355;h;57655;h;181;ppm
1168817;265343;WKA-Hauptgetriebe;160;;Addinol Eco Gear 320 S;2009-12-29;2007-10-01;;;;;97059;h;182;ppm
1817326;265343;WKA-Hauptgetriebe;160;;Addinol Eco Gear 320 S;2013-09-25;2012-07-01;;;;;129524;h;215;ppm
1613421;265343;WKA-Hauptgetriebe;160;;Addinol Eco Gear 320 S;2012-09-10;2012-07-13;;;;;120494;h;245;ppm
1105696;265343;WKA-Hauptgetriebe;160;;Addinol Eco Gear 320 S;2009-07-07;2007-09-11;;;;;92976;h;257;ppm
2042524;265343;WKA-Hauptgetriebe;160;;Addinol Eco Gear 320 S;2014-10-16;2012-07-13;;;;;138593;h;407;ppm
1414303;265343;WKA-Hauptgetriebe;160;;Addinol Eco Gear 320 S;2011-08-15;2007-09-11;;;;;111148;h;412;ppm
1925145;265344;WEA-Hauptgetriebe;160;;Addinol Eco Gear 320 S;2014-04-07;;;;;;133519;h;53;ppm
933079;265344;WEA-Hauptgetriebe;160;;Addinol Eco Gear 320 S;2008-06-10;2007-05-03;;;9591;h;83395;h;73;ppm
1340735;265344;WEA-Hauptgetriebe;160;;Addinol Eco Gear 320 S;2011-03-03;2007-05-03;;;;;106722;h;74;ppm
882052;265344;WEA-Hauptgetriebe;160;;Addinol Eco Gear 320 S;2008-01-07;2007-05-03;;;5925;h;79729;h;79;ppm
1240046;265344;WEA-Hauptgetriebe;160;;Addinol Eco Gear 320 S;2010-07-08;2007-05-03;;;;;101398;h;111;ppm
1712280;265344;WEA-Hauptgetriebe;160;;Addinol Eco Gear 320 S;2013-03-15;2012-06-04;;;;;124332;h;174;ppm
2042461;265344;WEA-Hauptgetriebe;160;;Addinol Eco Gear 320 S;2014-10-14;2012-06-07;;;;;138064;h;210;ppm
1817327;265344;WEA-Hauptgetriebe;160;;Addinol Eco Gear 320 S;2013-09-19;2012-06-07;;;;;128720;h;211;ppm
1031201;265344;WEA-Hauptgetriebe;160;;Addinol Eco Gear 320 S;2008-12-04;2007-05-03;;;13824;h;87628;h;212;ppm
835559;265344;WEA-Hauptgetriebe;160;l;Addinol Eco Gear 320 S;2007-07-30;2007-05-03;;l;2055;h;75899;h;250;ppm
1105508;265344;WEA-Hauptgetriebe;160;;Addinol Eco Gear 320 S;2009-07-15;2007-05-03;;;;;92444;h;253;ppm
1606203;265344;WEA-Hauptgetriebe;160;;Addinol Eco Gear 320 S;2012-09-03;;;;;;119718;h;314;ppm
1414475;265344;WEA-Hauptgetriebe;160;;Addinol Eco Gear 320 S;2011-08-16;2007-05-03;;;;;110657;h;389;ppm
1804361;265826;WKA-Hauptgetriebe;220;;Addinol Eco Gear 320 S;2013-09-05;2007-02-27;;;;;75781;h;95;ppm
1041838;265826;WKA-Hauptgetriebe;220;;Addinol Eco Gear 320 S;2009-01-26;2007-02-27;;;15121;h;40411;h;103;ppm
1340722;265826;WKA-Hauptgetriebe;220;;Addinol Eco Gear 320 S;2011-03-02;2007-02-27;;;;;56270;h;105;ppm
1701739;265826;WKA-Hauptgetriebe;220;;Addinol Eco Gear 320 S;2013-02-27;2007-02-27;;;;;71774;h;126;ppm
803578;265826;WKA-Hauptgetriebe;220;l;Addinol Eco Gear 320 S;2007-04-19;2007-02-27;220;l;398;h;26486;h;134;ppm
934210;265826;WKA-Hauptgetriebe;220;;Addinol Eco Gear 320 S;2008-06-12;2007-02-27;;;10171;h;35461;h;135;ppm
1905934;265826;WKA-Hauptgetriebe;220;;Addinol Eco Gear 320 S;2014-02-19;2007-02-27;;;;;79476;h;135;ppm
2012450;265826;WKA-Hauptgetriebe;220;;Addinol Eco Gear 320 S;2014-09-04;2007-02-27;;;;;83390;h;141;ppm
1100729;265826;WKA-Hauptgetriebe;220;;Addinol Eco Gear 320 S;2009-07-08;2007-02-27;;;;;43838;h;154;ppm
1514058;265826;WKA-Hauptgetriebe;220;;Addinol Eco Gear 320 S;2012-03-12;2007-02-27;;;;;64212;h;181;ppm
838353;265826;WKA-Hauptgetriebe;220;l;Addinol Eco Gear 320 S;2007-08-15;2004-02-27;;l;3604;h;28894;h;192;ppm
1165657;265826;WKA-Hauptgetriebe;220;;Addinol Eco Gear 320 S;2009-12-29;2007-02-27;;;;;47613;h;195;ppm
877995;265826;WKA-Hauptgetriebe;220;l;Addinol Eco Gear 320 S;2007-12-17;2007-02-27;10;l;6386;h;31676;h;247;ppm
1250963;265826;WKA-Hauptgetriebe;220;;Addinol Eco Gear 320 S;2010-08-02;2007-02-27;;;;;51891;h;272;ppm
1594091;265826;WKA-Hauptgetriebe;220;;Addinol Eco Gear 320 S;2012-08-07;2007-02-27;;;;;67290;h;294;ppm
1430627;265826;WKA-Hauptgetriebe;220;;Addinol Eco Gear 320 S;2011-09-20;2007-02-27;;;;;60416;h;332;ppm
1314507;266372;WEA-Hauptgetriebe;42;;Addinol Eco Gear 320 S;2011-01-06;2008-09-26;;;;;152788;h;52;ppm
1057608;266372;WEA-Hauptgetriebe;42;;Addinol Eco Gear 320 S;2009-03-03;2008-09-26;;;;;;;104;ppm
1160834;266372;WEA-Hauptgetriebe;42;;Addinol Eco Gear 320 S;2009-12-09;2008-09-25;;;;;143406;h;111;ppm
1240794;266372;WEA-Hauptgetriebe;42;;Addinol Eco Gear 320 S;2010-07-05;2008-09-26;;;;;148942;h;146;ppm
1299830;266374;WKA-Hauptgetriebe;42;;Addinol Eco Gear 320 S;2010-11-26;;;;;;36937;h;62;ppm
1912269;266374;WKA-Hauptgetriebe;42;;Addinol Eco Gear 320 S;2014-03-13;2009-12-08;;;;;72765;h;64;ppm
1209094;266374;WKA-Hauptgetriebe;42;;Addinol Eco Gear 320 S;2010-04-21;;;;;;38226;h;123;ppm
1828341;266374;WKA-Hauptgetriebe;42;;Addinol Eco Gear 320 S;2013-10-16;2009-12-08;;;;;69233;h;169;ppm
1568951;266374;WKA-Hauptgetriebe;42;;Addinol Eco Gear 320 S;2012-06-20;2009-12-08;;;;;57655;h;174;ppm
1643988;266374;WKA-Hauptgetriebe;42;;Addinol Eco Gear 320 S;2012-11-13;2009-12-08;;;;;61158;h;182;ppm
1393455;266374;WKA-Hauptgetriebe;42;;Addinol Eco Gear 320 S;2011-07-01;2009-12-08;;;;;49146;h;208;ppm
2011713;266374;WKA-Hauptgetriebe;42;;Addinol Eco Gear 320 S;2014-09-01;2009-12-11;;;;;76892;h;241;ppm
1745287;266374;WKA-Hauptgetriebe;42;;Addinol Eco Gear 320 S;2013-05-15;2009-12-08;;;;;65549;h;252;ppm
1474422;266374;WKA-Hauptgetriebe;42;;Addinol Eco Gear 320 S;2011-12-19;2009-12-08;;;;;52483;h;310;ppm
1306891;266451;WEA-Hauptgetriebe;;;Addinol Eco Gear 320 S;2010-12-10;2008-07-17;;;;;143780;h;60;ppm
1381666;266451;WEA-Hauptgetriebe;;;Addinol Eco Gear 320 S;2011-06-06;2008-06-03;;;;;147990;h;77;ppm
1897237;266451;WEA-Hauptgetriebe;;;Addinol Eco Gear 320 S;2014-01-21;2013-05-13;;;;;172332;h;89;ppm
2005786;266451;WEA-Hauptgetriebe;;;Addinol Eco Gear 320 S;2014-08-25;2008-06-10;;;;;177466;h;103;ppm
2077291;266451;WEA-Hauptgetriebe;;;Addinol Eco Gear 320 S;2014-12-19;;;;;;180234;h;115;ppm
1781125;266451;WEA-Hauptgetriebe;;;Addinol Eco Gear 320 S;2013-07-15;2008-06-10;;;;;167779;h;145;ppm
1223506;266451;WEA-Hauptgetriebe;;;Addinol Eco Gear 320 S;2010-05-27;2008-06-10;;;;;139118;h;152;ppm
1578584;266451;WEA-Hauptgetriebe;;;Addinol Eco Gear 320 S;2012-07-12;2008-06-10;;;;;157487;h;181;ppm
1468014;266451;WEA-Hauptgetriebe;;;Addinol Eco Gear 320 S;2011-12-07;2008-06-10;;;;;152291;h;185;ppm
1691027;266622;WKA-Hauptgetriebe;125;;Addinol Eco Gear 320 S;2013-02-11;2008-09-02;;;;;148661;h;65;ppm
1494377;266622;WKA-Hauptgetriebe;125;;Addinol Eco Gear 320 S;2012-01-31;2008-09-08;;;;;139764;h;87;ppm
1316929;266622;WKA-Hauptgetriebe;125;;Addinol Eco Gear 320 S;2011-01-17;2008-09-02;;;;;130697;h;102;ppm
1606013;266622;WKA-Hauptgetriebe;125;;Addinol Eco Gear 320 S;2012-09-04;2008-09-08;;;;;144888;h;194;ppm
1238132;266622;WKA-Hauptgetriebe;125;;Addinol Eco Gear 320 S;2010-06-30;;;;;;125176;h;196;ppm
1336250;266721;WEA-Hauptgetriebe;100;;Addinol Eco Gear 320 S;2011-02-24;2009-07-14;;;;;128345;h;25;ppm
1210662;266721;WEA-Hauptgetriebe;100;;Addinol Eco Gear 320 S;2010-04-27;2009-07-14;;;;;119938;h;102;ppm
1888698;266721;WEA-Hauptgetriebe;100;;Addinol Eco Gear 320 S;2014-02-05;2009-07-14;;;;;152075;h;106;ppm
1708144;266721;WEA-Hauptgetriebe;100;;Addinol Eco Gear 320 S;2013-03-11;2009-07-14;;;;;145375;h;107;ppm
1168888;266721;WEA-Hauptgetriebe;100;;Addinol Eco Gear 320 S;2010-01-07;2009-07-14;;;;;119683;h;119;ppm
2089165;266721;WEA-Hauptgetriebe;100;;Addinol Eco Gear 320 S;2015-01-20;2009-07-14;;;;;161281;h;121;ppm
1513055;266721;WEA-Hauptgetriebe;100;;Addinol Eco Gear 320 S;2012-03-08;2009-07-14;;;;;137380;h;142;ppm
1249582;266721;WEA-Hauptgetriebe;100;;Addinol Eco Gear 320 S;2010-07-29;2009-07-14;;;;;123339;h;149;ppm
1990984;266721;WEA-Hauptgetriebe;100;;Addinol Eco Gear 320 S;2014-07-31;2009-07-14;;;;;157257;h;191;ppm
1796675;266721;WEA-Hauptgetriebe;100;;Addinol Eco Gear 320 S;2013-08-19;2009-07-14;;;;;149204;h;201;ppm
1417361;266721;WEA-Hauptgetriebe;100;;Addinol Eco Gear 320 S;2011-08-25;2009-07-14;;;;;132260;h;287;ppm
1538147;266722;WKA-Hauptgetriebe;110;;Addinol Eco Gear 320 S;2012-04-25;2009-07-14;;;;;137130;h;108;ppm
1724267;266722;WKA-Hauptgetriebe;110;;Addinol Eco Gear 320 S;2013-04-09;;;;;;145341;h;137;ppm
1291287;266722;WKA-Hauptgetriebe;110;;Addinol Eco Gear 320 S;2010-11-09;2009-07-14;;;;;124562;h;144;ppm
2011634;266722;WKA-Hauptgetriebe;110;;Addinol Eco Gear 320 S;2014-09-09;2009-07-14;;;;;157542;h;159;ppm
1821949;266722;WKA-Hauptgetriebe;110;;Addinol Eco Gear 320 S;2013-10-08;2009-07-14;;;;;149642;h;186;ppm
1642900;266722;WKA-Hauptgetriebe;110;;Addinol Eco Gear 320 S;2012-11-06;2009-07-14;;;;;142825;h;224;ppm
1387019;266722;WKA-Hauptgetriebe;110;;Addinol Eco Gear 320 S;2011-06-14;2009-07-14;;;;;129614;h;231;ppm
1460634;266722;WKA-Hauptgetriebe;110;;Addinol Eco Gear 320 S;2011-11-23;2009-07-14;;;;;133423;h;233;ppm
1115504;266722;WKA-Hauptgetriebe;110;;Addinol Eco Gear 320 S;2009-08-11;2009-07-14;;;;;113809;h;375;ppm
1210876;266723;WKA-Hauptgetriebe;110;;Addinol Eco Gear 320 S;2010-04-27;2009-07-14;;;;;86668;h;73;ppm
1538140;266723;WKA-Hauptgetriebe;110;;Addinol Eco Gear 320 S;2012-04-24;2009-07-14;;;;;103817;h;89;ppm
1726972;266723;WKA-Hauptgetriebe;110;;Addinol Eco Gear 320 S;2013-04-12;2009-07-14;;;;;112041;h;99;ppm
1378841;266723;WKA-Hauptgetriebe;110;;Addinol Eco Gear 320 S;2011-05-25;2009-04-17;;;;;98127;h;137;ppm
1291283;266723;WKA-Hauptgetriebe;110;;Addinol Eco Gear 320 S;2010-11-08;2009-07-14;;;;;93233;h;145;ppm
1642911;266723;WKA-Hauptgetriebe;110;;Addinol Eco Gear 320 S;2012-11-07;2009-07-14;;;;;109436;h;190;ppm
1453138;266723;WKA-Hauptgetriebe;110;;Addinol Eco Gear 320 S;2011-11-08;2009-07-14;;;;;100715;h;246;ppm
2073339;266787;WEA-Hauptgetriebe;108;;Addinol Eco Gear 320 S;2014-12-16;2009-01-09;;;;;146128;h;102;ppm
1304231;266787;WEA-Hauptgetriebe;108;;Addinol Eco Gear 320 S;2010-12-10;;;;;;;;136;ppm
1089797;266787;WEA-Hauptgetriebe;108;;Addinol Eco Gear 320 S;2009-06-04;2009-01-09;;;;;101012;h;138;ppm
1237937;266787;WEA-Hauptgetriebe;108;;Addinol Eco Gear 320 S;2010-07-02;;;;;;108192;h;144;ppm
1474961;266787;WEA-Hauptgetriebe;108;;Addinol Eco Gear 320 S;2011-12-21;2009-01-09;;;;;120286;h;195;ppm
1392073;266787;WEA-Hauptgetriebe;108;;Addinol Eco Gear 320 S;2011-06-28;2009-01-09;;;;;116784;h;230;ppm
1580934;266787;WEA-Hauptgetriebe;108;;Addinol Eco Gear 320 S;2012-07-04;2009-01-09;;;;;128036;h;302;ppm
1661546;266801;WEA-Hauptgetriebe;120;;Addinol Eco Gear 320 S;2012-12-12;2011-06-21;;;;;15993;h;74;ppm
1888980;266801;WEA-Hauptgetriebe;120;;Addinol Eco Gear 320 S;2014-02-06;2004-05-06;;;;;25957;h;81;ppm
2028760;266801;WEA-Hauptgetriebe;120;;Addinol Eco Gear 320 S;2014-10-06;2011-06-21;;;;;31689;h;103;ppm
1570690;266801;WEA-Hauptgetriebe;120;;Addinol Eco Gear 320 S;2012-06-27;2004-05-06;;;;;12059;h;199;ppm
1771256;266801;WEA-Hauptgetriebe;120;;Addinol Eco Gear 320 S;2013-07-01;2009-05-06;;;;;20714;h;275;ppm
840881;266838;WEA-Hauptgetriebe;125;;Addinol Eco Gear 320 S;2007-08-27;2006-11-14;;;;;88870;h;68;ppm
1055983;266838;WEA-Hauptgetriebe;125;;Addinol Eco Gear 320 S;2009-02-27;2006-11-14;;;;;100990;h;100;ppm
890456;266838;WEA-Hauptgetriebe;125;;Addinol Eco Gear 320 S;2008-02-01;;;;;;31684;h;128;ppm
1237952;266838;WEA-Hauptgetriebe;125;;Addinol Eco Gear 320 S;2010-06-30;2006-11-14;;;;;112665;h;153;ppm
1165661;266838;WEA-Hauptgetriebe;125;;Addinol Eco Gear 320 S;2009-12-11;2006-11-04;;;;;2100882;h;181;ppm
979418;266838;WEA-Hauptgetriebe;125;;Addinol Eco Gear 320 S;2008-10-17;2006-11-14;;;;;97091;h;195;ppm
1313100;266838;WEA-Hauptgetriebe;125;;Addinol Eco Gear 320 S;2011-01-05;2006-11-14;;;;;117170;h;214;ppm
1463882;266838;WEA-Hauptgetriebe;125;;Addinol Eco Gear 320 S;2011-11-28;2006-11-14;;;;;124983;h;230;ppm
1580157;266838;WEA-Hauptgetriebe;125;;Addinol Eco Gear 320 S;2012-07-16;;;;;;130362;h;230;ppm
1391325;266838;WEA-Hauptgetriebe;125;;Addinol Eco Gear 320 S;2011-06-22;2006-11-14;;;;;121155;h;316;ppm
1326101;266860;WKA-Hauptgetriebe;125;;Addinol Eco Gear 320 S;2011-02-02;;;;;;108928;h;35;ppm
1888705;266860;WKA-Hauptgetriebe;125;;Addinol Eco Gear 320 S;2014-01-30;2010-05-03;;;;;134084;h;37;ppm
1653514;266860;WKA-Hauptgetriebe;125;;Addinol Eco Gear 320 S;2012-11-29;2009-08-26;;;;;124514;h;80;ppm
1397605;266860;WKA-Hauptgetriebe;125;;Addinol Eco Gear 320 S;2011-07-11;;;;;;112607;h;81;ppm
1482366;266860;WKA-Hauptgetriebe;125;;Addinol Eco Gear 320 S;2012-01-03;2010-05-04;;;;;116290;h;127;ppm
1243010;266860;WKA-Hauptgetriebe;125;;Addinol Eco Gear 320 S;2010-07-13;2010-05-03;;;;;104073;h;197;ppm
1567304;266860;WKA-Hauptgetriebe;125;;Addinol Eco Gear 320 S;2012-06-20;;;;;;120262;h;199;ppm
1786587;266860;WKA-Hauptgetriebe;125;;Addinol Eco Gear 320 S;2013-07-30;2010-05-01;;;;;130314;h;243;ppm
1185753;267149;WKA-Hauptgetriebe;180;;Addinol Eco Gear 320 S;2010-02-24;2008-08-06;;;;;103521;h;63;ppm
1734640;267149;WKA-Hauptgetriebe;180;;Addinol Eco Gear 320 S;2013-04-24;2008-03-06;;;;;131140;h;87;ppm
1350459;267149;WKA-Hauptgetriebe;180;;Addinol Eco Gear 320 S;2011-03-29;2008-03-06;;;;;112957;h;111;ppm
1639935;267149;WKA-Hauptgetriebe;180;;Addinol Eco Gear 320 S;2012-11-07;2008-03-06;;;;;126894;h;116;ppm
933580;267149;WKA-Hauptgetriebe;180;;Addinol Eco Gear 320 S;2008-06-09;2008-03-06;;;;;89978;h;138;ppm
1280528;267149;WKA-Hauptgetriebe;180;;Addinol Eco Gear 320 S;2010-10-06;2008-03-06;;;;;108880;h;190;ppm
1027504;267149;WKA-Hauptgetriebe;180;;Addinol Eco Gear 320 S;2008-12-02;2008-03-06;;;;;93677;h;207;ppm
1557401;267149;WKA-Hauptgetriebe;180;;Addinol Eco Gear 320 S;2012-05-29;;;;;;123169;h;266;ppm
2034739;267149;WKA-Hauptgetriebe;180;;Addinol Eco Gear 320 S;2014-10-14;2008-03-06;;;;;143793;h;274;ppm
1835034;267149;WKA-Hauptgetriebe;180;;Addinol Eco Gear 320 S;2013-10-30;2008-03-06;;;;;135486;h;290;ppm
1439837;267149;WKA-Hauptgetriebe;180;;Addinol Eco Gear 320 S;2011-10-13;2008-03-06;;;;;117704;h;312;ppm
2007479;267149;WKA-Hauptgetriebe;180;;Addinol Eco Gear 320 S;2014-05-21;;;;;;140299;h;517;ppm
1316192;267184;WKA-Hauptgetriebe;180;;Addinol Eco Gear 320 S;2011-01-11;2009-02-11;;;;;81574;h;101;ppm
1496371;267184;WKA-Hauptgetriebe;180;;Addinol Eco Gear 320 S;2012-02-06;2009-09-11;;;;;90380;h;114;ppm
1147774;267184;WKA-Hauptgetriebe;180;;Addinol Eco Gear 320 S;2009-11-10;2009-02-11;;;;;71418;h;140;ppm
1671873;267184;WKA-Hauptgetriebe;180;;Addinol Eco Gear 320 S;2013-01-03;2009-02-11;;;;;98235;h;144;ppm
1407199;267184;WKA-Hauptgetriebe;180;;Addinol Eco Gear 320 S;2011-07-28;2009-02-11;;;;;86175;h;158;ppm
1233634;267184;WKA-Hauptgetriebe;180;;Addinol Eco Gear 320 S;2010-06-16;2009-02-12;;;;;75935;h;167;ppm
1584441;267184;WKA-Hauptgetriebe;180;;Addinol Eco Gear 320 S;2012-07-23;;;;;;;;210;ppm
1037593;267184;WKA-Hauptgetriebe;180;;Addinol Eco Gear 320 S;2009-01-14;2008-10-16;;;;;65232;h;250;ppm
1057203;267333;WEA-Hauptgetriebe;120;;Addinol Eco Gear 320 S;2009-03-09;2009-02-16;;;;;82300;h;90;ppm
1315036;267333;WEA-Hauptgetriebe;120;;Addinol Eco Gear 320 S;2011-01-12;2008-10-13;;;;;98387;h;101;ppm
1500632;267333;WEA-Hauptgetriebe;120;;Addinol Eco Gear 320 S;2012-02-14;2009-02-16;;;;;107860;h;202;ppm
1415074;267333;WEA-Hauptgetriebe;120;;Addinol Eco Gear 320 S;2011-08-18;2009-02-16;;;;;102968;h;313;ppm
1148808;267333;WEA-Hauptgetriebe;120;;Addinol Eco Gear 320 S;2009-11-12;2009-02-16;;;;;88270;h;479;ppm
1232934;267333;WEA-Hauptgetriebe;120;;Addinol Eco Gear 320 S;2010-06-18;2008-10-13;;;;;93491;h;946;ppm
1908546;267339;WKA-Hauptgetriebe;120;;Addinol Eco Gear 320 S;2014-03-11;2009-02-12;;;;;124178;h;46;ppm
1803973;267339;WKA-Hauptgetriebe;120;;Addinol Eco Gear 320 S;2013-09-05;2009-02-12;;;;;119806;h;86;ppm
2098507;267339;WKA-Hauptgetriebe;120;;Addinol Eco Gear 320 S;2015-02-04;2008-12-11;;;;;132005;h;89;ppm
1720837;267339;WKA-Hauptgetriebe;120;;Addinol Eco Gear 320 S;2013-04-02;2009-02-12;;;;;116081;h;91;ppm
1122250;267339;WKA-Hauptgetriebe;120;;Addinol Eco Gear 320 S;2009-09-08;2009-02-12;;;;;84953;h;99;ppm
1332650;267339;WKA-Hauptgetriebe;120;;Addinol Eco Gear 320 S;2011-02-17;2009-02-12;;;;;97551;h;131;ppm
1178648;267339;WKA-Hauptgetriebe;120;;Addinol Eco Gear 320 S;2010-01-27;2009-02-12;;;;;88314;h;145;ppm
1622744;267339;WKA-Hauptgetriebe;120;;Addinol Eco Gear 320 S;2012-10-04;2008-12-11;;;;;111783;h;145;ppm
1263603;267339;WKA-Hauptgetriebe;120;;Addinol Eco Gear 320 S;2010-09-02;2008-12-11;;;;;93139;h;171;ppm
1113777;267339;WKA-Hauptgetriebe;120;;Addinol Eco Gear 320 S;2009-08-14;2009-02-12;;;;;84370;h;199;ppm
1426151;267339;WKA-Hauptgetriebe;120;;Addinol Eco Gear 320 S;2011-09-15;2009-02-12;;;;;102564;h;233;ppm
2009977;267339;WKA-Hauptgetriebe;120;;Addinol Eco Gear 320 S;2014-08-25;2008-12-11;;;;;128109;h;247;ppm
1344066;267345;WEA-Hauptgetriebe;190;;Addinol Eco Gear 320 S;2011-03-15;2009-07-22;;;;;38063;h;44;ppm
1896464;267345;WEA-Hauptgetriebe;190;;Addinol Eco Gear 320 S;2014-02-17;2009-02-22;;;;;123709;h;51;ppm
1517595;267345;WEA-Hauptgetriebe;190;;Addinol Eco Gear 320 S;2012-03-19;2009-01-22;;;;;106863;h;58;ppm
2103286;267345;WEA-Hauptgetriebe;190;;Addinol Eco Gear 320 S;2015-02-10;2009-10-27;;;;;132251;h;68;ppm
1268525;267345;WEA-Hauptgetriebe;190;;Addinol Eco Gear 320 S;2010-09-17;;;;;;94057;h;102;ppm
1183691;267345;WEA-Hauptgetriebe;190;;Addinol Eco Gear 320 S;2010-02-18;;;;;;89010;h;118;ppm
1792272;267345;WEA-Hauptgetriebe;190;;Addinol Eco Gear 320 S;2013-08-15;2009-01-22;;;;;119404;h;126;ppm
1120747;267345;WEA-Hauptgetriebe;190;l;Addinol Eco Gear 320 S;2009-09-03;2009-01-22;190;l;;;84983;h;128;ppm
1999688;267345;WEA-Hauptgetriebe;190;;Addinol Eco Gear 320 S;2014-08-18;2009-01-22;;;;;128044;h;140;ppm
1701080;267345;WEA-Hauptgetriebe;190;;Addinol Eco Gear 320 S;2013-02-25;2009-01-22;;;;;115320;h;165;ppm
1426133;267345;WEA-Hauptgetriebe;190;;Addinol Eco Gear 320 S;2011-09-14;2010-09-17;;;;;102405;h;293;ppm
1611964;267345;WEA-Hauptgetriebe;190;;Addinol Eco Gear 320 S;2012-09-13;2009-01-22;;;;;111389;h;327;ppm
1881821;267661;WKA-Hauptgetriebe;155;;Addinol Eco Gear 320 S;2014-01-22;2007-04-17;;;;;105058;h;40;ppm
1665366;267661;WKA-Hauptgetriebe;155;;Addinol Eco Gear 320 S;2012-12-19;2007-04-17;;;;;95524;h;109;ppm
940681;267661;WKA-Hauptgetriebe;155;l;Addinol Eco Gear 320 S;2008-07-03;2007-04-17;120;l;;;56842;h;110;ppm
1354937;267661;WKA-Hauptgetriebe;155;;Addinol Eco Gear 320 S;2011-04-05;2007-04-17;;;;;80703;h;121;ppm
2061696;267661;WKA-Hauptgetriebe;155;;Addinol Eco Gear 320 S;2014-11-25;2007-04-17;;;;;112289;h;122;ppm
1286299;267661;WKA-Hauptgetriebe;155;;Addinol Eco Gear 320 S;2010-10-28;2006-04-17;;;;;49466;h;137;ppm
876627;267661;WKA-Hauptgetriebe;155;;Addinol Eco Gear 320 S;2007-12-15;2007-04-17;;;;;52088;h;140;ppm
1567177;267661;WKA-Hauptgetriebe;155;;Addinol Eco Gear 320 S;2012-06-21;2007-04-17;;;;;91191;h;156;ppm
1455993;267661;WKA-Hauptgetriebe;155;;Addinol Eco Gear 320 S;2011-11-15;2007-04-17;;;;;86014;h;165;ppm
1766810;267661;WKA-Hauptgetriebe;155;;Addinol Eco Gear 320 S;2013-06-17;2007-04-17;;;;;99838;h;180;ppm
1108028;267661;WKA-Hauptgetriebe;155;;Addinol Eco Gear 320 S;2009-07-28;2007-04-17;;;;;66108;h;181;ppm
1215898;267661;WKA-Hauptgetriebe;155;;Addinol Eco Gear 320 S;2010-05-10;2007-04-17;;;;;72928;h;189;ppm
1036772;267661;WKA-Hauptgetriebe;155;;Addinol Eco Gear 320 S;2009-01-13;2007-04-17;;;;;61450;h;191;ppm
1723517;267662;WKA-Hauptgetriebe;155;;Addinol Eco Gear 320 S;2013-04-09;2007-04-17;;;;;195902;h;62;ppm
2090225;267662;WKA-Hauptgetriebe;155;;Addinol Eco Gear 320 S;2015-01-21;2007-04-17;;;;;110435;h;67;ppm
1315043;267662;WKA-Hauptgetriebe;155;;Addinol Eco Gear 320 S;2010-11-17;2007-04-17;;;;;75280;h;107;ppm
1815208;267662;WKA-Hauptgetriebe;155;;Addinol Eco Gear 320 S;2013-09-25;2007-04-17;;;;;99392;h;114;ppm
809201;267662;WKA-Hauptgetriebe;155;;Addinol Eco Gear 320 S;2007-05-08;2007-04-17;;;1000;h;44158;h;118;ppm
1358540;267662;WKA-Hauptgetriebe;155;;Addinol Eco Gear 320 S;2011-04-13;2007-04-17;;;;;78795;h;126;ppm
943035;267662;WKA-Hauptgetriebe;155;;Addinol Eco Gear 320 S;2008-07-07;2002-04-17;;;;;55294;h;130;ppm
1038578;267662;WKA-Hauptgetriebe;155;;Addinol Eco Gear 320 S;2009-01-19;2007-04-17;;;;;59573;h;139;ppm
1609455;267662;WKA-Hauptgetriebe;155;;Addinol Eco Gear 320 S;2012-09-11;2007-04-17;;;;;90986;h;152;ppm
840482;267662;WKA-Hauptgetriebe;155;;Addinol Eco Gear 320 S;2007-08-24;2007-04-17;;;3082;h;47718;h;158;ppm
874990;267662;WKA-Hauptgetriebe;155;;Addinol Eco Gear 320 S;2007-12-12;2007-04-17;;;;;50348;h;164;ppm
1100524;267662;WKA-Hauptgetriebe;155;;Addinol Eco Gear 320 S;2009-07-06;2007-04-17;;;;;63553;h;168;ppm
1455984;267662;WKA-Hauptgetriebe;155;;Addinol Eco Gear 320 S;2011-11-16;2007-04-17;;;;;83888;h;178;ppm
1239555;267662;WKA-Hauptgetriebe;155;;Addinol Eco Gear 320 S;2010-07-06;2007-04-17;;;;;70841;h;217;ppm
1761391;267663;WKA-Hauptgetriebe;160;;Addinol Eco Gear 320 S;2013-06-15;2007-04-18;;;;;98533;h;77;ppm
2061514;267663;WKA-Hauptgetriebe;160;;Addinol Eco Gear 320 S;2014-11-26;2007-04-18;;;;;110939;h;111;ppm
1286464;267663;WKA-Hauptgetriebe;160;;Addinol Eco Gear 320 S;2010-10-27;2007-04-17;;;;;74128;h;112;ppm
1028502;267663;WKA-Hauptgetriebe;160;l;Addinol Eco Gear 320 S;2008-12-10;2007-04-18;16;l;;;59822;h;134;ppm
992837;267663;WKA-Hauptgetriebe;160;l;Addinol Eco Gear 320 S;2008-11-23;2007-04-18;10;l;;;57840;h;136;ppm
873707;267663;WKA-Hauptgetriebe;160;;Addinol Eco Gear 320 S;2007-12-07;2007-04-18;;;;;51226;h;139;ppm
1664676;267663;WKA-Hauptgetriebe;160;;Addinol Eco Gear 320 S;2012-12-06;2007-04-18;;;;;92205;h;154;ppm
915874;267663;WKA-Hauptgetriebe;160;;Addinol Eco Gear 320 S;2008-04-19;2008-04-18;;;;;54379;h;159;ppm
1359228;267663;WKA-Hauptgetriebe;160;;Addinol Eco Gear 320 S;2011-04-14;2007-04-18;;;;;79848;h;159;ppm
840481;267663;WKA-Hauptgetriebe;160;;Addinol Eco Gear 320 S;2007-08-24;2007-04-18;;;1556;h;48424;h;161;ppm
1881811;267663;WKA-Hauptgetriebe;160;;Addinol Eco Gear 320 S;2014-01-21;2007-04-18;;;;;103694;h;162;ppm
1567048;267663;WKA-Hauptgetriebe;160;;Addinol Eco Gear 320 S;2012-06-19;2007-04-18;;;;;90039;h;173;ppm
1097519;267663;WKA-Hauptgetriebe;160;;Addinol Eco Gear 320 S;2009-06-25;2007-04-18;;;;;64477;h;238;ppm
1225110;267663;WKA-Hauptgetriebe;160;;Addinol Eco Gear 320 S;2010-05-31;2007-04-18;;;;;72336;h;324;ppm
863175;267694;WKA-Hauptgetriebe;160;;Addinol Eco Gear 320 S;2007-11-09;2007-04-18;;;;;46800;h;70;ppm
1920180;267694;WKA-Hauptgetriebe;160;;Addinol Eco Gear 320 S;2014-03-27;2007-04-18;;;;;101788;h;76;ppm
1840381;267694;WKA-Hauptgetriebe;160;;Addinol Eco Gear 320 S;2013-11-08;2007-04-18;;;;;98461;h;111;ppm
2090190;267694;WKA-Hauptgetriebe;160;;Addinol Eco Gear 320 S;2015-01-22;2007-04-18;;;;;107869;h;127;ppm
1360043;267694;WKA-Hauptgetriebe;160;;Addinol Eco Gear 320 S;2011-04-18;2007-04-18;;;;;76388;h;144;ppm
1664656;267694;WKA-Hauptgetriebe;160;;Addinol Eco Gear 320 S;2012-12-18;2007-04-18;;;;;90836;h;149;ppm
1295519;267694;WKA-Hauptgetriebe;160;;Addinol Eco Gear 320 S;2010-11-19;2007-04-18;;;;;72884;h;155;ppm
1567050;267694;WKA-Hauptgetriebe;160;;Addinol Eco Gear 320 S;2012-06-20;2007-04-18;;;;;86505;h;159;ppm
1458741;267694;WKA-Hauptgetriebe;160;;Addinol Eco Gear 320 S;2011-11-17;2007-04-18;;;;;81457;h;180;ppm
1231786;267694;WKA-Hauptgetriebe;160;;Addinol Eco Gear 320 S;2010-06-17;2007-04-18;;;;;69179;h;189;ppm
1095855;267694;WKA-Hauptgetriebe;160;;Addinol Eco Gear 320 S;2009-06-23;2007-04-18;;;;;62809;h;192;ppm
821789;267694;WKA-Hauptgetriebe;160;;Addinol Eco Gear 320 S;2007-06-19;2007-04-18;;;;;43396;h;196;ppm
1031536;267694;WKA-Hauptgetriebe;160;;Addinol Eco Gear 320 S;2008-12-19;2007-04-18;;;;;56433;h;276;ppm
2107510;267705;WKA-Hauptgetriebe;155;;Addinol Eco Gear 320 S;2015-02-17;2013-08-02;;;;;58090;h;67;ppm
1880823;267705;WKA-Hauptgetriebe;155;;Addinol Eco Gear 320 S;2014-01-25;2013-08-02;;;;;97073;h;73;ppm
1495994;267705;WKA-Hauptgetriebe;155;;Addinol Eco Gear 320 S;2012-02-02;2007-04-16;;;;;79335;h;82;ppm
980355;267705;WKA-Hauptgetriebe;155;;Addinol Eco Gear 320 S;2008-10-24;2007-04-16;;;;;53592;h;102;ppm
907162;267705;WKA-Hauptgetriebe;155;;Addinol Eco Gear 320 S;2008-03-28;2007-04-16;;;;;46615;h;114;ppm
1729210;267705;WKA-Hauptgetriebe;155;;Addinol Eco Gear 320 S;2013-04-18;2007-04-16;;;;;4150;h;114;ppm
1764463;267705;WKA-Hauptgetriebe;155;;Addinol Eco Gear 320 S;2013-06-24;2007-04-16;;;;;91994;h;125;ppm
1994293;267705;WKA-Hauptgetriebe;155;;Addinol Eco Gear 320 S;2014-08-05;2013-08-02;;;;;53592;h;171;ppm
1070590;267705;WKA-Hauptgetriebe;155;;Addinol Eco Gear 320 S;2009-04-14;2007-04-16;;;;;55497;h;173;ppm
1336943;267705;WKA-Hauptgetriebe;155;;Addinol Eco Gear 320 S;2011-03-01;2007-04-16;;;;;71856;h;178;ppm
1175249;267705;WKA-Hauptgetriebe;155;;Addinol Eco Gear 320 S;2010-01-21;;;;;;64490;h;179;ppm
1258193;267705;WKA-Hauptgetriebe;155;;Addinol Eco Gear 320 S;2010-08-25;2007-04-16;;;;;67375;h;201;ppm
854059;267705;WKA-Hauptgetriebe;155;;Addinol Eco Gear 320 S;2007-10-09;2007-04-16;;;;;42583;h;235;ppm
1790669;267705;WKA-Hauptgetriebe;155;;Addinol Eco Gear 320 S;2013-08-02;2013-08-02;;;;;92919;h;301;ppm
1076833;267706;WKA-Hauptgetriebe;155;;Addinol Eco Gear 320 S;2009-04-30;2007-04-17;;;;;55013;h;102;ppm
1411713;267706;WKA-Hauptgetriebe;155;;Addinol Eco Gear 320 S;2011-08-11;2007-04-17;;;;;74762;h;103;ppm
803564;267706;WKA-Hauptgetriebe;155;;Addinol Eco Gear 320 S;2007-04-19;2007-04-17;;;;;37592;h;104;ppm
1177047;267706;WKA-Hauptgetriebe;155;;Addinol Eco Gear 320 S;2010-01-19;2007-04-17;;;;;;;106;ppm
1882458;267706;WKA-Hauptgetriebe;155;;Addinol Eco Gear 320 S;2014-01-27;2013-08-02;;;;;96043;h;110;ppm
1763749;267706;WKA-Hauptgetriebe;155;;Addinol Eco Gear 320 S;2013-06-22;2007-04-17;;;;;90884;h;124;ppm
1729197;267706;WKA-Hauptgetriebe;155;;Addinol Eco Gear 320 S;2013-04-18;2007-04-16;;;;;89336;h;141;ppm
1288740;267706;WKA-Hauptgetriebe;155;;Addinol Eco Gear 320 S;2010-11-02;2007-04-17;;;;;68107;h;155;ppm
2018204;267706;WKA-Hauptgetriebe;155;;Addinol Eco Gear 320 S;2014-09-19;2013-08-02;;;;;101615;h;156;ppm
907585;267706;WKA-Hauptgetriebe;155;;Addinol Eco Gear 320 S;2008-03-27;2007-04-17;;;;;45636;h;161;ppm
1520508;267706;WKA-Hauptgetriebe;155;;Addinol Eco Gear 320 S;2012-03-21;2007-04-17;;;;;79958;h;166;ppm
984465;267706;WKA-Hauptgetriebe;155;l;Addinol Eco Gear 320 S;2008-11-04;2007-04-17;20;l;;;50807;h;167;ppm
1486229;267706;WKA-Hauptgetriebe;155;;Addinol Eco Gear 320 S;2012-01-17;2007-04-17;;;;;80580;h;186;ppm
1790565;267706;WKA-Hauptgetriebe;155;;Addinol Eco Gear 320 S;2013-08-02;2007-04-17;;;;;91866;h;211;ppm
854060;267706;WKA-Hauptgetriebe;155;;Addinol Eco Gear 320 S;2007-10-11;;;;;;41663;h;233;ppm
1071665;267707;WKA-Hauptgetriebe;160;;Addinol Eco Gear 320 S;2009-04-15;2007-04-16;;;;;55349;h;73;ppm
1765361;267707;WKA-Hauptgetriebe;160;;Addinol Eco Gear 320 S;2013-06-25;2007-04-16;;;;;91755;h;85;ppm
2094624;267707;WKA-Hauptgetriebe;160;;Addinol Eco Gear 320 S;2015-01-23;;;;;;105154;h;92;ppm
1175800;267707;WKA-Hauptgetriebe;160;;Addinol Eco Gear 320 S;2010-01-19;;;;;;64389;h;94;ppm
1882277;267707;WKA-Hauptgetriebe;160;;Addinol Eco Gear 320 S;2014-01-26;2013-08-02;;;;;96649;h;108;ppm
855958;267707;WKA-Hauptgetriebe;160;;Addinol Eco Gear 320 S;2007-10-17;2007-03-16;;;2299;h;42474;h;123;ppm
1507894;267707;WKA-Hauptgetriebe;160;;Addinol Eco Gear 320 S;2012-02-29;2007-04-16;;;;;79078;h;124;ppm
1258966;267707;WKA-Hauptgetriebe;160;;Addinol Eco Gear 320 S;2010-08-24;2007-04-16;;;;;67091;h;138;ppm
840480;267707;WKA-Hauptgetriebe;160;;Addinol Eco Gear 320 S;2007-08-24;2007-03-16;;;;;40214;h;156;ppm
987185;267707;WKA-Hauptgetriebe;160;;Addinol Eco Gear 320 S;2008-11-07;2007-04-16;;;;;51558;h;167;ppm
1790661;267707;WKA-Hauptgetriebe;160;;Addinol Eco Gear 320 S;2013-08-02;2013-08-02;;;;;92645;h;248;ppm
907598;267707;WKA-Hauptgetriebe;160;;Addinol Eco Gear 320 S;2008-03-26;2007-04-16;;;;;46309;h;256;ppm
1296264;267875;WKA-Hauptgetriebe;280;;Addinol Eco Gear 320 S;2010-11-22;2010-05-18;;;;;88712;h;41;ppm
1651692;267875;WKA-Hauptgetriebe;280;;Addinol Eco Gear 320 S;2012-11-27;2010-05-18;;;;;105917;h;47;ppm
1392141;267875;WKA-Hauptgetriebe;280;;Addinol Eco Gear 320 S;2011-06-30;2010-05-28;;;;;93842;h;53;ppm
1554475;267875;WKA-Hauptgetriebe;280;;Addinol Eco Gear 320 S;2012-05-29;2010-05-18;;;;;101729;h;69;ppm
1487063;267875;WKA-Hauptgetriebe;280;;Addinol Eco Gear 320 S;2012-01-19;2010-05-18;;;;;98654;h;101;ppm
1155642;267912;WEA-Hauptgetriebe;230;;Addinol Eco Gear 320 S;2009-11-20;2009-11-03;;;;;82824;h;78;ppm
1226001;267912;WEA-Hauptgetriebe;230;;Addinol Eco Gear 320 S;2010-06-03;2009-11-03;;;;;87210;h;89;ppm
1406016;267912;WEA-Hauptgetriebe;230;;Addinol Eco Gear 320 S;2011-07-28;2009-11-03;;;;;97146;h;179;ppm
1310515;267913;WEA-Hauptgetriebe;230;;Addinol Eco Gear 320 S;2010-12-21;2009-11-05;;;;;92337;h;15;ppm
1222181;267913;WEA-Hauptgetriebe;230;;Addinol Eco Gear 320 S;2010-05-25;2009-11-05;;;;;87390;h;80;ppm
1407683;267913;WEA-Hauptgetriebe;230;;Addinol Eco Gear 320 S;2011-08-01;2009-11-05;;;;;97552;h;181;ppm
1387887;267940;WKA-Hauptgetriebe;230;;Addinol Eco Gear 320 S;2011-06-20;2009-01-23;;;;;75465;h;56;ppm
1298531;267940;WKA-Hauptgetriebe;230;;Addinol Eco Gear 320 S;2010-11-22;;;;;;70526;h;62;ppm
1561847;267940;WKA-Hauptgetriebe;230;;Addinol Eco Gear 320 S;2012-06-13;2009-01-23;;;;;83856;h;77;ppm
1146514;267940;WKA-Hauptgetriebe;230;;Addinol Eco Gear 320 S;2009-11-09;2009-01-23;;;;;61965;h;83;ppm
1058269;267940;WKA-Hauptgetriebe;230;;Addinol Eco Gear 320 S;2009-03-11;2009-01-23;;;;;156177;h;105;ppm
1214776;267940;WKA-Hauptgetriebe;230;;Addinol Eco Gear 320 S;2010-05-05;2009-01-23;;;;;65828;h;134;ppm
1474384;267940;WKA-Hauptgetriebe;230;;Addinol Eco Gear 320 S;2011-12-20;;;;;;79883;h;242;ppm
1524649;268086;WEA-Hauptgetriebe;230;;Addinol Eco Gear 320 S;2012-03-28;;;;;;78777;h;58;ppm
1318103;268086;WEA-Hauptgetriebe;230;;Addinol Eco Gear 320 S;2011-01-17;2010-04-15;;;;;71013;h;66;ppm
1623534;268086;WEA-Hauptgetriebe;230;;Addinol Eco Gear 320 S;2012-10-10;2010-04-16;;;;;83018;h;168;ppm
1433407;268086;WEA-Hauptgetriebe;230;;Addinol Eco Gear 320 S;2011-09-29;;;;;;75804;h;271;ppm
1875506;268497;WEA-Hauptgetriebe;280;;Addinol Eco Gear 320 S;2014-01-16;;;;;;86863;h;22;ppm
1566856;268497;WEA-Hauptgetriebe;280;;Addinol Eco Gear 320 S;2012-06-20;2011-09-01;;;;;74369;h;121;ppm
1754802;268497;WEA-Hauptgetriebe;280;;Addinol Eco Gear 320 S;2013-06-07;;;;;;82735;h;125;ppm
1676798;268497;WEA-Hauptgetriebe;280;;Addinol Eco Gear 320 S;2013-01-15;;;;;;79344;h;174;ppm
1958354;268497;WEA-Hauptgetriebe;280;;Addinol Eco Gear 320 S;2014-06-02;;;;;;36933;h;181;ppm
1468009;268497;WEA-Hauptgetriebe;280;;Addinol Eco Gear 320 S;2011-12-05;;;;;;69751;h;201;ppm
2081575;268527;WKA-Hauptgetriebe;325;;Addinol Eco Gear 320 S;2015-01-08;2010-09-03;;;;;98219;h;31;ppm
1358532;268527;WKA-Hauptgetriebe;325;;Addinol Eco Gear 320 S;2011-04-11;2010-08-03;;;;;67385;h;34;ppm
1941199;268527;WKA-Hauptgetriebe;325;;Addinol Eco Gear 320 S;2014-05-05;;;;;;92505;h;52;ppm
1620063;268527;WKA-Hauptgetriebe;325;;Addinol Eco Gear 320 S;2012-10-02;2010-09-03;;;;;79447;h;71;ppm
1345429;268527;WKA-Hauptgetriebe;325;;Addinol Eco Gear 320 S;2011-03-16;2010-09-03;;;;;4656;h;75;ppm
1527389;268527;WKA-Hauptgetriebe;325;;Addinol Eco Gear 320 S;2012-04-02;2010-09-03;;;;;75270;h;101;ppm
1892675;268527;WKA-Hauptgetriebe;325;;Addinol Eco Gear 320 S;2014-02-05;;;;;;89158;h;109;ppm
1701646;268527;WKA-Hauptgetriebe;325;;Addinol Eco Gear 320 S;2013-02-28;2010-09-03;;;;;8288;h;111;ppm
1788479;268527;WKA-Hauptgetriebe;325;;Addinol Eco Gear 320 S;2013-08-06;2011-09-03;;;;;85128;h;128;ppm
1582819;268527;WKA-Hauptgetriebe;325;;Addinol Eco Gear 320 S;2012-07-20;2010-09-03;;;;;76290;h;159;ppm
1270104;268527;WKA-Hauptgetriebe;325;;Addinol Eco Gear 320 S;2010-09-23;;;;;;62791;h;160;ppm
1439491;268527;WKA-Hauptgetriebe;325;;Addinol Eco Gear 320 S;2011-10-13;;;;;;71462;h;199;ppm
1996711;268527;WKA-Hauptgetriebe;325;;Addinol Eco Gear 320 S;2014-07-30;2010-09-03;;;;;94553;h;236;ppm
1347709;268528;WKA-Hauptgetriebe;280;;Addinol Eco Gear 320 S;2011-03-23;2010-08-25;;;;;66480;h;51;ppm
1527460;268528;WKA-Hauptgetriebe;280;;Addinol Eco Gear 320 S;2012-04-04;2010-08-25;;;;;75353;h;73;ppm
1263862;268528;WKA-Hauptgetriebe;280;;Addinol Eco Gear 320 S;2010-09-07;2010-08-25;;;;;61965;h;167;ppm
1613000;268528;WKA-Hauptgetriebe;280;;Addinol Eco Gear 320 S;2012-09-19;2010-08-25;;;;;80537;h;174;ppm
1442585;268528;WKA-Hauptgetriebe;280;;Addinol Eco Gear 320 S;2011-10-18;2010-08-25;;;;;71355;h;180;ppm
1043872;269128;WKA-Hauptgetriebe;325;;Addinol Eco Gear 320 S;2009-01-28;2007-11-26;;;;;53035;h;63;ppm
1297857;269128;WKA-Hauptgetriebe;325;;Addinol Eco Gear 320 S;2010-11-24;2007-11-26;;;;;66880;h;103;ppm
1612147;269128;WKA-Hauptgetriebe;325;;Addinol Eco Gear 320 S;2012-09-18;2007-11-26;;;;;84582;h;136;ppm
2106060;269128;WKA-Hauptgetriebe;325;;Addinol Eco Gear 320 S;2015-02-17;2013-04-23;;;;;105249;h;145;ppm
1328082;269128;WKA-Hauptgetriebe;325;;Addinol Eco Gear 320 S;2011-02-08;2007-11-26;;;;;70665;h;149;ppm
1495990;269128;WKA-Hauptgetriebe;325;;Addinol Eco Gear 320 S;2012-02-06;2007-11-26;;;;;77212;h;156;ppm
1109230;269128;WKA-Hauptgetriebe;325;;Addinol Eco Gear 320 S;2009-07-30;2007-11-26;;;;;;;163;ppm
1799796;269128;WKA-Hauptgetriebe;325;;Addinol Eco Gear 320 S;2013-08-28;2013-04-23;;;;;92727;h;164;ppm
1196446;269128;WKA-Hauptgetriebe;325;;Addinol Eco Gear 320 S;2010-03-22;2007-11-20;;;;;63000;h;166;ppm
1919101;269128;WKA-Hauptgetriebe;325;;Addinol Eco Gear 320 S;2014-03-24;2013-04-23;;;;;97686;h;170;ppm
2025698;269128;WKA-Hauptgetriebe;325;;Addinol Eco Gear 320 S;2014-09-29;2013-04-23;;;;;101947;h;231;ppm
1369848;269128;WKA-Hauptgetriebe;325;;Addinol Eco Gear 320 S;2011-05-03;2007-11-26;;;;;72658;h;260;ppm
1348748;269129;WEA-Hauptgetriebe;280;;Addinol Eco Gear 320 S;2011-03-24;2007-11-26;;;;;71827;h;46;ppm
1495999;269129;WEA-Hauptgetriebe;280;;Addinol Eco Gear 320 S;2012-02-06;2007-11-26;;;;;78186;h;47;ppm
1721329;269129;WEA-Hauptgetriebe;280;;Addinol Eco Gear 320 S;2013-04-04;2007-11-26;;;;;87944;h;48;ppm
1162392;269129;WEA-Hauptgetriebe;280;;Addinol Eco Gear 320 S;2009-12-14;2007-11-26;;;;;60667;h;68;ppm
2107144;269129;WEA-Hauptgetriebe;280;;Addinol Eco Gear 320 S;2015-02-18;2014-07-19;;;;;102772;h;84;ppm
985859;269129;WEA-Hauptgetriebe;280;;Addinol Eco Gear 320 S;2008-11-05;2007-11-14;;;8326;h;53662;h;92;ppm
1065729;269129;WEA-Hauptgetriebe;280;;Addinol Eco Gear 320 S;2009-03-30;;;;;;54539;h;94;ppm
1241645;269129;WEA-Hauptgetriebe;280;;Addinol Eco Gear 320 S;2010-07-08;2007-11-26;;;;;65581;h;97;ppm
1807918;269129;WEA-Hauptgetriebe;280;;Addinol Eco Gear 320 S;2013-09-11;2007-11-23;;;;;91498;h;111;ppm
1919104;269129;WEA-Hauptgetriebe;280;;Addinol Eco Gear 320 S;2014-03-26;2007-11-26;;;;;96081;h;130;ppm
2025696;269129;WEA-Hauptgetriebe;280;;Addinol Eco Gear 320 S;2014-10-01;2014-07-19;;;;;99469;h;236;ppm
1670448;271678;WKA-Hauptgetriebe;110;;Addinol Eco Gear 320 S;2012-12-18;;;;;;;;169;ppm
1378949;271678;WKA-Hauptgetriebe;110;l;Addinol Eco Gear 320 S;2011-05-12;;;l;;;45111;;219;ppm
1570407;271678;WKA-Hauptgetriebe;110;;Addinol Eco Gear 320 S;2012-05-30;;;;;;54263;;231;ppm
1411673;294832;WKA-Hauptgetriebe;345;l;Addinol Eco Gear 320 S;2011-08-12;2009-06-17;;l;;;69921;h;50;ppm
1336582;294832;WKA-Hauptgetriebe;345;l;Addinol Eco Gear 320 S;2011-02-23;2009-06-17;;l;;;66440;h;116;ppm
1297006;294832;WKA-Hauptgetriebe;345;;Addinol Eco Gear 320 S;2010-11-02;;;;;;;;143;ppm
1680887;339374;WKA-Hauptgetriebe;450;l;Addinol Eco Gear 320 S;2013-01-16;2009-03-04;60;l;;;79168;h;104;ppm
1220927;339374;WKA-Hauptgetriebe;450;;Addinol Eco Gear 320 S;2010-04-27;2009-03-04;;;;;56320;h;161;ppm
1873326;339374;WKA-Hauptgetriebe;450;;Addinol Eco Gear 320 S;2013-12-13;;;;;;86879;h;178;ppm
1557808;339374;WKA-Hauptgetriebe;450;l;Addinol Eco Gear 320 S;2012-05-23;2009-03-04;;l;;;73695;h;185;ppm
1303728;339374;WKA-Hauptgetriebe;450;;Addinol Eco Gear 320 S;2010-12-01;2002-03-04;;;;;61334;h;188;ppm
1476344;339374;WKA-Hauptgetriebe;450;l;Addinol Eco Gear 320 S;2011-12-19;2009-03-04;;l;22701;h;70102;h;208;ppm
1388222;339374;WKA-Hauptgetriebe;450;;Addinol Eco Gear 320 S;;;;;;;;;224;ppm
1769956;339374;WKA-Hauptgetriebe;450;;Addinol Eco Gear 320 S;2013-05-18;2009-03-04;;;;;82007;h;242;ppm
1405384;347405;Wind turbine - main gear;180;;Addinol Eco Gear 320 S;2011-07-27;;;;;;109974;h;102;ppm
1320820;347405;Wind turbine - main gear;180;;Addinol Eco Gear 320 S;2011-01-19;;;;;;106106;h;143;ppm
1091732;347405;Wind turbine - main gear;180;;Addinol Eco Gear 320 S;2009-06-09;2008-08-22;;;;;91648;h;159;ppm
1247967;347405;Wind turbine - main gear;180;;Addinol Eco Gear 320 S;2010-07-21;;;;;;;;258;ppm
1942966;350219;Wind turbine - main gear;90;;Addinol Eco Gear 320 S;2014-05-07;;;;;;;;50;ppm
1736841;350219;Wind turbine - main gear;90;;Addinol Eco Gear 320 S;2013-04-29;2011-07-13;;;;;102852;h;159;ppm
1839520;350219;Wind turbine - main gear;90;;Addinol Eco Gear 320 S;2013-11-04;;;;;;;;165;ppm
1637487;350219;Wind turbine - main gear;90;;Addinol Eco Gear 320 S;2012-11-03;2011-07-11;;;;;100217;h;207;ppm
1443725;350219;Wind turbine - main gear;90;;Addinol Eco Gear 320 S;2011-10-20;2011-07-13;;;;;89606;h;246;ppm
1354321;371718;WKA-Hauptgetriebe;345;;Addinol Eco Gear 320 S;2011-03-29;2009-06-16;;;;;68989;h;91;ppm
1511671;371718;WKA-Hauptgetriebe;345;l;Addinol Eco Gear 320 S;2012-03-03;2009-06-16;;l;;;76770;h;106;ppm
1296971;371718;WKA-Hauptgetriebe;345;;Addinol Eco Gear 320 S;2010-11-04;2009-06-16;;;;;65556;h;153;ppm
1772809;371718;WKA-Hauptgetriebe;345;;Addinol Eco Gear 320 S;2013-04-03;2009-06-16;;;;;85311;h;257;ppm
1418845;371718;WKA-Hauptgetriebe;345;l;Addinol Eco Gear 320 S;2011-08-23;2009-06-10;;l;;;72457;h;272;ppm
1511675;371722;WKA-Hauptgetriebe;345;;Addinol Eco Gear 320 S;2012-03-05;2009-06-17;;;22174;h;76475;h;108;ppm
1296967;371722;WKA-Hauptgetriebe;345;;Addinol Eco Gear 320 S;2010-10-30;2009-06-17;;;;;68899;h;134;ppm
1417560;371722;WKA-Hauptgetriebe;345;l;Addinol Eco Gear 320 S;2011-08-25;2009-06-17;;l;;;72050;h;191;ppm
1772796;371722;WKA-Hauptgetriebe;360;;Addinol Eco Gear 320 S;2013-04-12;2009-06-17;;;;;85578;h;267;ppm
1511679;371723;WKA-Hauptgetriebe;345;l;Addinol Eco Gear 320 S;2012-03-05;2009-06-16;;l;;;21636;h;53;ppm
1346602;371723;WKA-Hauptgetriebe;345;;Addinol Eco Gear 320 S;2011-03-10;2009-06-16;;;;;69074;h;140;ppm
1612643;371723;WKA-Hauptgetriebe;345;;Addinol Eco Gear 320 S;2012-09-11;2009-06-16;;;;;81121;h;142;ppm
1296966;371723;WKA-Hauptgetriebe;345;;Addinol Eco Gear 320 S;2010-11-10;;;;;;66801;h;145;ppm
1417556;371723;WKA-Hauptgetriebe;345;;Addinol Eco Gear 320 S;2011-08-25;2009-09-01;;;;;77528;h;235;ppm
1772807;371723;WKA-Hauptgetriebe;345;;Addinol Eco Gear 320 S;2013-04-22;2009-06-16;;;;;86074;h;278;ppm
1411671;371727;WKA-Hauptgetriebe;345;l;Addinol Eco Gear 320 S;2011-08-09;2009-06-17;;l;;;71703;h;109;ppm
1511673;371727;WKA-Hauptgetriebe;345;;Addinol Eco Gear 320 S;2012-03-03;2009-05-15;;;22364;h;76538;h;120;ppm
1612640;371727;WKA-Hauptgetriebe;345;l;Addinol Eco Gear 320 S;2012-09-03;2009-06-17;10;l;26276;h;80577;h;140;ppm
1600514;371727;WKA-Hauptgetriebe;345;l;Addinol Eco Gear 320 S;2012-08-22;2009-06-17;30;l;;;79685.7;h;270;ppm
1297007;376177;WKA-Hauptgetriebe;345;;Addinol Eco Gear 320 S;2010-10-28;2009-06-17;;;;;65530;h;150;ppm
1511670;376177;WKA-Hauptgetriebe;345;;Addinol Eco Gear 320 S;2012-02-29;2009-05-15;;;;;76464;h;154;ppm
1421961;376177;WKA-Hauptgetriebe;345;l;Addinol Eco Gear 320 S;2011-08-30;2009-06-17;;l;;;72384;h;185;ppm
1598690;376177;WKA-Hauptgetriebe;345;;Addinol Eco Gear 320 S;2012-08-15;2009-06-17;;;;;80275;h;188;ppm
1772795;376177;WKA-Hauptgetriebe;345;;Addinol Eco Gear 320 S;2013-04-15;2009-06-17;;;;;85739;h;291;ppm
1941354;378019;Énergie éolienne ligne - engrenage principale;440;;Addinol Eco Gear 320 S;2014-05-06;2012-01-31;;;;;50340;;139;ppm
2045152;378019;Énergie éolienne ligne - engrenage principale;440;;Addinol Eco Gear 320 S;2014-10-31;2012-01-31;;;;;40100;h;153;ppm
1858791;378019;Énergie éolienne ligne - engrenage principale;440;;Addinol Eco Gear 320 S;2013-11-26;2012-01-31;;;;;33797;;167;ppm
1941356;378020;Énergie éolienne ligne - engrenage principale;440;;Addinol Eco Gear 320 S;2014-05-05;2012-01-31;;;;;49434;;114;ppm
1858792;378020;Énergie éolienne ligne - engrenage principale;440;l;Addinol Eco Gear 320 S;2013-11-22;2012-01-31;440;l;;;33858;;162;ppm
2045150;378020;Énergie éolienne ligne - engrenage principale;440;;Addinol Eco Gear 320 S;2014-10-29;2012-01-31;;;;;39501;h;198;ppm
1941358;378022;Énergie éolienne ligne - engrenage principale;440;;Addinol Eco Gear 320 S;2014-04-30;2012-02-01;;;;;50611;;128;ppm
1858794;378022;Énergie éolienne ligne - engrenage principale;;;Addinol Eco Gear 320 S;;2012-02-01;;;;;34185;;224;ppm
2045147;378022;Énergie éolienne ligne - engrenage principale;440;;Addinol Eco Gear 320 S;2014-10-21;2012-02-01;;;;;40832;;267;ppm
1941357;378023;Énergie éolienne ligne - engrenage principale;440;;Addinol Eco Gear 320 S;2014-04-25;2012-02-01;;;;;50381;h;139;ppm
1858793;378023;Énergie éolienne ligne - engrenage principale;;l;Addinol Eco Gear 320 S;2013-11-19;2012-02-01;440;l;;;34261;;148;ppm
2045149;378023;Énergie éolienne ligne - engrenage principale;440;;Addinol Eco Gear 320 S;2014-10-16;2014-02-01;;;;;40446;;294;ppm
1941355;378025;Énergie éolienne ligne - engrenage principale;440;;Addinol Eco Gear 320 S;2014-04-29;2012-01-31;;;;;50477;;136;ppm
1858795;378025;Énergie éolienne ligne - engrenage principale;;l;Addinol Eco Gear 320 S;2013-11-06;2012-01-31;440;l;;;35155;;179;ppm
2045151;378025;Énergie éolienne ligne - engrenage principale;440;;Addinol Eco Gear 320 S;2014-10-13;2012-01-31;;;;;1230;h;314;ppm
1578899;378559;WKA-Hauptgetriebe;160;;Addinol Eco Gear 320 S;2012-05-31;;;;;;93989;h;188;ppm
1304862;378559;WKA-Hauptgetriebe;160;;Addinol Eco Gear 320 S;2010-10-21;2008-11-07;;;;;;;256;ppm
1414588;378559;WKA-Hauptgetriebe;160;;Addinol Eco Gear 320 S;2011-07-21;2009-11-07;;;;;86580;h;386;ppm
1342782;379302;WKA-Hauptgetriebe;345;;Addinol Eco Gear 320 S;2011-03-08;2009-06-17;;;;;68420;h;120;ppm
1296968;379302;WKA-Hauptgetriebe;345;;Addinol Eco Gear 320 S;2010-10-27;2009-06-17;;;;;65596;h;140;ppm
1598694;379302;WKA-Hauptgetriebe;345;;Addinol Eco Gear 320 S;2012-08-14;2009-06-17;;;;;80657;h;180;ppm
1773067;379302;WKA-Hauptgetriebe;345;;Addinol Eco Gear 320 S;2013-04-23;2009-06-17;;;;;86259;h;256;ppm
1418848;379302;WKA-Hauptgetriebe;345;l;Addinol Eco Gear 320 S;2011-08-25;2009-06-17;;l;;;72416;h;300;ppm
1304863;379440;WKA-Hauptgetriebe;200;;Addinol Eco Gear 320 S;2010-10-28;2008-11-05;;;;;;;206;ppm
1578885;379440;WKA-Hauptgetriebe;200;;Addinol Eco Gear 320 S;2012-05-30;;;;;;96412;h;277;ppm
1414648;379440;WKA-Hauptgetriebe;200;;Addinol Eco Gear 320 S;2011-08-02;2008-11-08;;;;;89431;h;392;ppm
1578898;379445;WKA-Hauptgetriebe;160;;Addinol Eco Gear 320 S;2012-05-09;;;;;;;;227;ppm
1304866;379445;WKA-Hauptgetriebe;160;;Addinol Eco Gear 320 S;2010-10-22;2008-11-04;;;;;;;246;ppm
1414578;379445;WKA-Hauptgetriebe;160;;Addinol Eco Gear 320 S;2011-06-23;;;;;;85611;h;404;ppm
1211132;391244;WKA-Hauptgetriebe;450;;Addinol Eco Gear 320 S;2010-04-20;2009-03-04;;;;;;;74;ppm
1680854;391244;WKA-Hauptgetriebe;450;;Addinol Eco Gear 320 S;2013-01-17;2009-03-04;;;;;80088;h;89;ppm
1388227;391244;WKA-Hauptgetriebe;450;;Addinol Eco Gear 320 S;2011-05-21;2010-03-04;;;;;65818.4;h;145;ppm
1472312;391244;WKA-Hauptgetriebe;450;l;Addinol Eco Gear 320 S;2011-12-14;2009-03-04;;l;70714;h;23439;h;174;ppm
1873318;391244;WKA-Hauptgetriebe;450;;Addinol Eco Gear 320 S;2013-12-11;2009-03-04;;;;;87493.2;h;180;ppm
1769957;391244;WKA-Hauptgetriebe;450;;Addinol Eco Gear 320 S;2013-05-23;2009-03-04;;;;;83009;h;193;ppm
1557807;391244;WKA-Hauptgetriebe;450;l;Addinol Eco Gear 320 S;2012-05-22;2009-03-04;;l;;;74502;h;201;ppm
1303746;391244;WKA-Hauptgetriebe;450;;Addinol Eco Gear 320 S;2010-11-19;2009-03-04;;;;;61698;h;234;ppm
1545917;391891;WKA-Hauptgetriebe;345;l;Addinol Eco Gear 320 S;2012-05-09;2009-06-24;;l;;;23455;h;116;ppm
1281363;391891;WKA-Hauptgetriebe;345;;Addinol Eco Gear 320 S;2010-09-16;;;;;;13216092;kWh;141;ppm
1365509;391891;WKA-Hauptgetriebe;345;;Addinol Eco Gear 320 S;2011-04-05;2009-07-30;;;;;70871;h;167;ppm
1229064;391891;WKA-Hauptgetriebe;350;l;Addinol Eco Gear 320 S;2010-06-08;2009-06-24;;l;7278.3;h;63867.3;h;182;ppm
1695246;391891;WKA-Hauptgetriebe;345;l;Addinol Eco Gear 320 S;2012-12-03;2009-07-30;;l;;;84575;h;188;ppm
1484911;391891;WKA-Hauptgetriebe;345;;Addinol Eco Gear 320 S;2011-10-05;2009-07-30;;;;;75059;h;217;ppm
1511676;397260;WKA-Hauptgetriebe;345;;Addinol Eco Gear 320 S;2012-03-01;2009-06-16;;;22419;h;77142;h;117;ppm
1612651;397260;WKA-Hauptgetriebe;345;l;Addinol Eco Gear 320 S;2012-09-05;2009-06-16;;l;26779;h;81502;h;136;ppm
1296970;397260;WKA-Hauptgetriebe;345;;Addinol Eco Gear 320 S;2010-11-09;2009-06-16;;;;;66601;h;181;ppm
1417559;397260;WKA-Hauptgetriebe;345;l;Addinol Eco Gear 320 S;2011-08-23;2009-04-16;;l;;;73107;h;223;ppm
1772977;397260;WKA-Hauptgetriebe;345;;Addinol Eco Gear 320 S;2013-04-04;2009-06-16;;;;;86206;h;247;ppm
1509976;398368;WKA-Hauptgetriebe;330;l;Addinol Eco Gear 320 S;2012-01-17;;;l;;;41354;h;180;ppm
2012756;398368;WKA-Hauptgetriebe;320;l;Addinol Eco Gear 320 S;2014-08-12;;;l;;;63080;;229;ppm
1603094;398368;WKA-Hauptgetriebe;330;l;Addinol Eco Gear 320 S;2012-07-31;2009-09-25;;l;;;45776;h;249;ppm
1357154;398368;WKA-Hauptgetriebe;330;l;Addinol Eco Gear 320 S;2011-03-15;2011-03-08;;l;;;34135;h;267;ppm
1437205;398368;WKA-Hauptgetriebe;330;l;Addinol Eco Gear 320 S;2011-09-14;;;l;;;1;a;362;ppm
1704867;398369;WKA-Hauptgetriebe;330;l;Addinol Eco Gear 320 S;2013-02-06;2012-04-18;;l;;;50860;h;137;ppm
1269232;398369;WKA-Hauptgetriebe;370;l;Addinol Eco Gear 320 S;2010-09-06;2009-11-13;;l;68;h;30469;h;198;ppm
1427767;398369;WKA-Hauptgetriebe;330;;Addinol Eco Gear 320 S;2011-08-24;2011-01-11;;;;;38431;h;312;ppm
1080769;400631;WKA-Hauptgetriebe;160;l;Addinol Eco Gear 320 S;2009-04-11;2008-01-18;110;l;8937;h;63476;h;226;ppm
1578892;400631;WKA-Hauptgetriebe;160;;Addinol Eco Gear 320 S;2012-06-04;;;;;;89456;h;245;ppm
1414572;400631;WKA-Hauptgetriebe;160;;Addinol Eco Gear 320 S;2011-06-22;2009-03-25;;;;;81975;h;489;ppm
1388241;413021;WKA-Hauptgetriebe;450;;Addinol Eco Gear 320 S;2011-05-18;2009-03-15;;;;;65813.2;h;87;ppm
1696391;413021;WKA-Hauptgetriebe;450;;Addinol Eco Gear 320 S;2013-01-24;;;;;;79829;h;130;ppm
1873338;413021;WKA-Hauptgetriebe;450;;Addinol Eco Gear 320 S;2013-12-14;;;;;;86998;h;158;ppm
1476346;413021;WKA-Hauptgetriebe;450;l;Addinol Eco Gear 320 S;2011-12-21;2009-03-05;;l;;;70878;h;163;ppm
1557802;413021;WKA-Hauptgetriebe;450;;Addinol Eco Gear 320 S;2012-05-24;;;;;;74357;h;166;ppm
1220963;413021;WKA-Hauptgetriebe;450;;Addinol Eco Gear 320 S;2010-05-10;2009-03-05;;;;;57273;h;173;ppm
1312722;413021;WKA-Hauptgetriebe;450;;Addinol Eco Gear 320 S;2010-11-30;2009-03-05;;;;;7.5;a;201;ppm
1769955;413021;WKA-Hauptgetriebe;450;;Addinol Eco Gear 320 S;2013-05-24;2009-03-05;;;;;82498;h;230;ppm
1552669;496372;WKA-Hauptgetriebe;370;l;Addinol Eco Gear 320 S;2012-05-23;2011-07-14;;l;;;814931;h;119;ppm
1309850;496372;WKA-Hauptgetriebe;370;;Addinol Eco Gear 320 S;2010-12-16;2010-12-16;;;;;69242;h;121;ppm
1621934;496372;WKA-Hauptgetriebe;370;l;Addinol Eco Gear 320 S;2012-10-01;2011-07-14;;l;;;84565;h;169;ppm
1415868;496372;WKA-Hauptgetriebe;370;l;Addinol Eco Gear 320 S;2011-08-15;2011-07-14;;l;;;74789;h;237;ppm
1368535;496372;WKA-Hauptgetriebe;370;;Addinol Eco Gear 320 S;2011-03-02;2010-12-16;;;;;;;300;ppm
1772998;496372;WKA-Hauptgetriebe;370;;Addinol Eco Gear 320 S;2013-04-05;;;;;;88985;h;308;ppm
1350158;496377;WKA-Hauptgetriebe;370;;Addinol Eco Gear 320 S;2011-03-16;2010-12-16;;;;;;;111;ppm
1552674;496377;WKA-Hauptgetriebe;370;l;Addinol Eco Gear 320 S;2012-05-21;2010-12-16;;l;;;76957.4;h;142;ppm
1310788;496377;WKA-Hauptgetriebe;370;;Addinol Eco Gear 320 S;2010-12-16;2010-12-16;;;;;64949;h;151;ppm
1621939;496377;WKA-Hauptgetriebe;370;l;Addinol Eco Gear 320 S;2012-10-04;2010-12-16;;l;;;79991;h;155;ppm
1415864;496377;WKA-Hauptgetriebe;370;l;Addinol Eco Gear 320 S;2011-08-17;2010-12-16;;l;5478;h;70427;h;211;ppm
1289995;496377;WKA-Hauptgetriebe;370;;Addinol Eco Gear 320 S;2010-09-29;2007-05-09;;;28012;h;63298;h;223;ppm
1887430;569625;Wind turbine - main gear;170;;Addinol Eco Gear 320 S;2014-01-28;2012-09-13;;;;;5155503;kWh;100;ppm
1795751;569625;Wind turbine - main gear;170;;Addinol Eco Gear 320 S;2013-08-14;2012-09-19;;;42610352;kWh;;;157;ppm
1616534;569625;Wind turbine - main gear;170;;Addinol Eco Gear 320 S;2012-09-12;2012-09-12;;;;;;;243;ppm
1690798;569625;Wind turbine - main gear;170;;Addinol Eco Gear 320 S;2013-01-22;2012-09-13;;;40876565;kWh;83792;;252;ppm
1598864;569625;Wind turbine - main gear;170;;Addinol Eco Gear 320 S;2012-08-08;2012-04-01;;;39441700;kWh;75949;;306;ppm
1690799;569627;Wind turbine - main gear;230;;Addinol Eco Gear 320 S;2013-02-04;2011-09-23;;;230911;kWh;37291084;kWh;58;ppm
1500069;569627;Wind turbine - main gear;;;Addinol Eco Gear 320 S;2012-02-09;2011-09-23;;;39594708;;104977;;103;ppm
1899367;569627;Wind turbine - main gear;230;l;Addinol Eco Gear 320 S;2014-02-13;2011-09-23;230;l;;;40649463;kWh;176;ppm
1598834;569627;Wind turbine - main gear;320;;Addinol Eco Gear 320 S;2012-08-15;2011-06-30;;;;;109510;h;213;ppm
1470914;569627;Wind turbine - main gear;;l;Addinol Eco Gear 320 S;2011-12-05;;230;l;33571538;kWh;103415;;215;ppm
1814493;569627;Wind turbine - main gear;230;;Addinol Eco Gear 320 S;2013-09-16;2011-09-23;;;;;38904541;kWh;232;ppm
2107596;742336;WKA-Hauptgetriebe;330;l;Addinol Eco Gear 320 S;2015-02-16;2011-01-01;35;l;45180;h;68106;h;101;ppm
2006943;742336;WKA-Hauptgetriebe;330;l;Addinol Eco Gear 320 S;2014-08-28;2011-01-01;20;l;23328;h;64137;h;106;ppm
2052512;742336;WKA-Hauptgetriebe;330;;Addinol Eco Gear 320 S;2014-11-12;2011-01-01;;;25008;h;65895;h;118;ppm